sku,msku,
cste_0546_st_animal_lucifer_cat_black,msku-lucifer-cat,
map_musicbox_black_hbd,msku-music-box,
f_ay hp m box black,msku-music-box,
music box/11,msku-music-box,
cste_0470_st_minecraft_sword_small,msku-minecraft-sword,
cj-thug life sunglasses pixel gangster,msku-sunglasses,
sabrina_8note_kalimba,msku-kalimba,
eitheo_hbd,msku-hbd,
wing_red_sg,msku-wing,
cste_0491_st_fruit_blox_spirit,msku-fruit-blox,
cste_0533_st_animal_breathing_koala_grey,msku-koala-grey,
cste_0489_st_fruit_blox_light,msku-fruit-blox,
cste_0488_st_anim_breathing_stitch_blue,msku-stitch,
breathing_otter_pink,msku-otter,
cste_0490_st_fruit_blox_shadow,msku-fruit-blox,
cste_0486_st_anim_breathing_otter_brown,msku-otter,
mercurygreen_fire_sg,msku-fire-sword,
cste_0149_sg_butterfly_pink,msku-butterfly,
f_sunglass-1,msku-sunglasses,
dumbledore_wand_musicbox,msku-dumbledore-wand,
cste_0478_st_minecraft_cow_brown,msku-minecraft-cow,
brown-la-vie-rose-brown,msku-rose-brown,
harry potter_white,msku-harrypotter,
dumbledore_sunglass_wand,msku-dumbledore-wand,
cste_0487_st_anim_breathing_otter_blue,msku-otter,
music box/26,msku-music-box,
hbd_white_mb,msku-hbd,
hbd_brown_map,msku-hbd,
cste_0482_st_animal_kitty_kuromi_black,msku-kuromi-cat,
crystle_17nots_kalimba,msku-kalimba,
cste_0532_st_animal_breathing_rabbit_grey,msku-rabbit-grey,
harrypotter_brown_map2,msku-harrypotter,
fusked-elephant-grey-soft toy,msku-elephant,
cste_0419_st_minecraft_creeper,msku-minecraft-creeper,
cste_0355_wands_hp_light_sg,msku-hp-wand,
hbd_blck_map,msku-hbd,
moeny heist musical toy,msku-money-heist,
cste_0512_st_animal_cow_plush,msku-cow-plush,
light_wand_dumbledore,msku-dumbledore-wand,
cj- ben 10 girls-boys-watch-green,msku-ben10-watch,
cste_0543_st_animal_breathing_strawberry_rabbit,msku-strawberry-rabbit,
cste_0476_st_minecraft_zombie_black,msku-minecraft-zombie,
cste_0502_st_minecraft_pickaxe_foam,msku-minecraft-pickaxe,
